Author,Tags,Title,Entry,Date,Image
Webmaster,Announcement,"Ronald Jensen (Apr 01, 1936 - Sept 16, 2025)","Ronald Jensen was born in Virginia in the US in 1936. After having completed a BA in economics in New York in 1959, he decided to move to Europe and become a logician. He finished his Ph.D. with G. Hasenjaeger at the University of Bonn in 1964 with a thesis on subsystems of arithmetic, and he did his Habilitation at Bonn in 1967 on levels of the constructible hierarchy.
Jensen developed the fine structure theory all by himself, isolated diamond, square, and other combinatorial principles which he showed to hold in L, and he used his machinery to present his Covering Lemma for L as ""Marginalia to a Theorem of Silver."" He designed various forcing techniques, one of the most sophisticated ones being the coding into a real apparatus. In joint work with T. Dodd he built the first core model, an enterprise which was later pursued by W. Mitchell, J. Steel, and others. He later worked on the theory of larger core models. He also isolated the notions of ""subproper"" and ""subcomplete"" forcings and variants thereof, and he produced his own iteration theory for them. He designed ""L-forcing."" In his last years, he worked on a book on the core model below one Woodin cardinal.
Jensen held positions at the Rockefeller University, at UC Berkeley, at the University of Bonn, the University of Oslo, the University of Freiburg, the University of Oxford, and the Humboldt University of Berlin, from which he retired in 2001.
Jensen was the first Gödel lecturer of the Association for Symbolic Logic in 1990. In 2001, he gave the Tarski lectures at UC Berkeley. In 2003, he reveived the Steele price. In 2015, the European Set Theory Society awarded him and J. Steel the Hausdorff Medal for their joint paper ""K without the measurable.”
Jensen was an honorary president of the European Set Theory Society since 2016.  
On September 16, 2025 Ronald Jensen passed away. He left us his life's work mostly in the form of thousands of pages of handwritten notes. A lot of current-day set theory consists in generalizing concepts and arguments which go back to Jensen. Set theory lost one of its giants.  - Ralf Schindler","September 18, 2025.",
Webmaster,"Activity, Announcement",RIMS Workshop on Set Theory: Recent Developments in Axiomatic Set Theory,"Kyoto University RIMS
December 16th to 19th, 2025
Organized by Teruyuki Yorioka (Shizuoka University)

Every year, set theory researchers from Japan and abroad gather at the RIMS (Research Institute for Mathematical Sciences) of Kyoto University and hold an international workshop that brings together both expert and young researchers in set theory. 

This workshop will be held in hybrid format at RIMS, Kyoto University, Japan & Online via Zoom. 
For more details and registration, see the workshop website.

<a href='https://wwp.shizuoka.ac.jp/yorioka/?page_id=1258'>Webpage</a>","September 15, 2025.",
Webmaster,Announcement,Warning about spam emails,"Dear members of the ESTS, 

There have recently been emails purportedly sent by Vera Fischer in connection with activities of the ESTS, trying to make contact with members of the set theory community and asking you to reply. The goal of these emails is likely to eventually obtain private information from you or trick you into payments if you reply. 

Please 
- do not give any personal information to the senders of such emails
- carefully check the sender of such emails and report the emails as spam with your email service
- we're happy if you can forward us a copy of such spam emails to european.set.theory@gmail.com, or email us there if you are in doubt

All emails from the ESTS to its members, including membership fee reminders, are sent exclusively from european.set.theory@gmail.com. We will never ask you for personal information. The only information we keep about members are name, email address and whether you are a student. 

Best wishes, the board of the ESTS",,
Webmaster,"Activity, Announcement",Conference in honor of Jörg Brendle,"The conference in honor of Jörg Brendle, on the occasion of his 60th birthday, will be held entirely in person from September 2nd to 5th, 2025, at Kobe University.
We will have invited talks from close colleagues, collaborators, students, and even students' students, of Professor Brendle.

See the website for detailed information.

<a href='https://sites.google.com/view/brendle60'>Webpage</a>

The conference will be succeeded by The 18th ALC (Asian Logic Conference) in Kyoto (September 8 to 12).

<a href='https://www2.kobe-u.ac.jp/~brendle.alc2025/main.html'>Webpage</a>

We recommend booking hotels in advance, especially if you plan to attend the ALC, because of the recent influx of foreign tourists in Kyoto.

Hotels and travel information are available on both websites.

Student travel support (for both conferences) for students with an ASL (Association of Symbolic Logic) membership is available.

Check both websites for details on how to apply (deadline: June 1st, 2025).

Registration is open (free)! Although registration is not mandatory, we encourage participants (including speakers) to register in order to have an idea of the number of participants.

However, registration is mandatory for attending the Conference Party.

This Conference is sponsored by the JSPS KAKENHI Grant Numbers JP23K03198 (Diego Mejía) and JP25K07099 (Teruyuki Yorioka), and by the Association of Symbolic Logic.

Please contact Diego A. Mejía (damejiag 'at' people 'dot' kobe-u 'dot' ac 'dot' jp) 
or Teruyuki Yorioka (yorioka 'at' shizuoka 'dot' ac 'dot' jp) for inquiries.

See you in Kobe!

The organizers

Diego A. Mejía (Kobe University)

Hiroaki Minami (Aichi Gakuin University)

Hiroshi Sakai (University of Tokyo)

Teruyuki Yorioka (Shizuoka University)","April 1, 2025.",
Webmaster,"Activity, Announcement","8th Workshop on Generalized Descriptive Set Theory, 20–22 August 2025, Helsinki (Finland)","We are pleased to announce that the 8th Workshop on Generalized Descriptive Set Theory will take place on 20–22 August 2025 at the University of Helsinki, Finland. The 8th Workshop on Generalized Descriptive Set Theory continues a series that began in 2014. Since its first edition, the Workshop on Generalized Descriptive Set Theory has been a key venue for advancing research in the field featuring renowned speakers and fostering discussion and collaboration. The 8th edition will cover topics such as model-theoretic applications, cardinal characteristics, higher descriptive set theory, topology, and Borel reducibility in GBS, among others.

The workshop features the participation of the following speakers:
- Vera Fischer, University of Vienna
- Tapani Hyttinen, University of Helsinki
- Philipp Lücke, University of Hamburg
- Menachem Magidor, Hebrew University
- Luca Motto Ros, University of Turin
- Philipp Schlicht, University of Siena
- Boban Velickovic, Paris Diderot University (TBC)

The workshop features contributed talks that last 30 minutes.
If you wish to deliver a contributed talk, please send the title and abstract to the e-mail miguel.moreno 'at' helsinki.fi no later than May 30, 2025.

The registration for the workshop opens on June 16, 2025. It has a registration fee of 50 euros.

There is a small amount to support participants. If you are interested, please contact Jouko Vaananen (jouko.vaananen ‘at’ helsinki.fi).

It is organized by the University of Helsinki.
Organizing committee:
- Miguel Moreno, University of Helsinki
- Jouko Väänänen, University of Helsinki

More information about the workshop can be found on the website of the workshop: <a href='https://www.helsinki.fi/en/conferences/8th-workshop-generalized-descriptive-set-theory'>Webpage</a>

If you have any questions or need more information concerning the conference, please do not hesitate to contact us at: miguel.moreno ‘at’ helsinki.fi. 

Please feel free to forward this information to anyone who may be interested.
Looking forward to seeing you in Helsinki.

Kind regards,
Miguel Moreno and Jouko Väänänen","April 1, 2025.",